A13,target,avg_missing_fields,avg_income_proxy,avg_debt_proxy
g,0,0.0,224.96745562130178,4.065295857988165
g,1,0.0,1832.5052264808362,6.007073170731704
p,0,0.0,0.0,0.7216666666666667
p,1,0.0,20000.0,4.4
s,0,0.0,0.6428571428571429,2.249166666666667
s,1,0.0,0.06666666666666667,4.452666666666668
