{"invalid_rate":0.0,"avg_missing_fields_per_row":0.0,"approval_rate":0.4449275362318841,"rejection_rate":0.5550724637681159}
